<Ui xmlns="http://www.blizzard.com/wow/ui/" xmlns:xsi="http://www.w3.org/2001/XMLSchema-instance"
	xsi:schemaLocation="http://www.blizzard.com/wow/ui/ C:\Projects\WoW\Bin\Interface\FrameXML\UI.xsd">

	<!-- Khaos Config Text object -->
	<Frame name="KhaosConfigTextTemplate" inherits="EarthObjectTemplate" enableMouse="false" virtual="true">
		<Anchors>
			<Anchor point="LEFT" relativeTo="$parent" relativePoint="LEFT">
				<Offset>
					<AbsDimension x="10" y="0" />
				</Offset>
			</Anchor>
		</Anchors>
		<Size>
			<AbsDimension x="280" y="24" />
		</Size>
		<Layers>
			<Layer level="ARTWORK">
				<FontString name="$parentLabel" inherits="GameFontNormalSmall" text="" nonspacewrap="true" justifyH="LEFT">
					<Size>
						<AbsDimension x="272" y="24" />
					</Size>
					<Anchors>
						<Anchor point="LEFT">
							<Offset>
								<AbsDimension x="4" y="0" />
							</Offset>
						</Anchor>
					</Anchors>
				</FontString>
			</Layer>
			<Layer level="BACKGROUND">
				<Texture name="$parentBackground" setAllPoints="true">
					<Color r="1" g="1" b="1" a="0.0" />
				</Texture>
			</Layer>				
		</Layers>
		<Scripts>
			<OnLoad>
				KhaosConfig_Text_OnLoad()
			</OnLoad>
		</Scripts>
	</Frame>

	<!-- Khaos Config Text object -->
	<Frame name="KhaosHeaderTemplate" inherits="EarthObjectTemplate" virtual="true">
		<Anchors>
			<Anchor point="CENTER" relativeTo="$parent" relativePoint="CENTER">
				<Offset>
					<AbsDimension x="10" y="0" />
				</Offset>
			</Anchor>
		</Anchors>
		<Backdrop bgFile="Interface\DialogFrame\UI-DialogBox-Background" edgeFile="Interface\Tooltips\UI-Tooltip-Border" tile="true">
			<BackgroundInsets>
				<AbsInset left="4" right="4" top="4" bottom="4" />	
				<Size>
					<AbsDimension x="128" y="17" />
				</Size>
			</BackgroundInsets>
			<TileSize>
				<AbsValue val="16" />
			</TileSize>
			<EdgeSize>
				<AbsValue val="16" />
			</EdgeSize>
		</Backdrop>
		<Size>
			<AbsDimension x="260" y="24" />
		</Size>
		<Layers>
			<Layer level="ARTWORK">
				<FontString name="$parentLabel" inherits="GameFontNormal" text="Hey hey">
					<Anchors>
						<Anchor point="CENTER">
							<Offset>
								<AbsDimension x="0" y="2" />
							</Offset>
						</Anchor>
					</Anchors>
				</FontString>
			</Layer>
		</Layers>
		<Scripts>
			<OnLoad>
				KhaosConfig_Header_OnLoad();
			</OnLoad>
		</Scripts>
	</Frame>

	<!-- Khaos Checkbox Object -->
	<CheckButton name="KhaosCheckGraphicsTemplate" inherits="EarthCheckButtonTemplate" virtual="true">
		<Anchors>
			<Anchor point="LEFT" relativeTo="$parent" relativePoint="LEFT">
				<Offset>
					<AbsDimension x="0" y="0" />
				</Offset>
			</Anchor>
		</Anchors>
		<Size>
			<AbsDimension x="32" y="32" />
		</Size>
		<Layers>
			<Layer level="BACKGROUND">
				<Texture name="$parentBackground" setAllPoints="true">
					<Color r="0" g="0" b="1" a="0.0" />
				</Texture>
			</Layer>
		</Layers>
	</CheckButton>
	<CheckButton name="KhaosCheckTemplate" inherits="KhaosCheckGraphicsTemplate" virtual="true" >
		<Scripts>
			<OnLoad>
				KhaosConfig_Check_OnLoad();
			</OnLoad>
		</Scripts>
	</CheckButton>

	<!-- Khaos Radio Object -->
	<CheckButton name="KhaosRadioGraphicsTemplate" inherits="EarthRadioButtonTemplate" virtual="true">
		<Anchors>
			<Anchor point="LEFT" relativeTo="$parent" relativePoint="LEFT">
				<Offset>
					<AbsDimension x="0" y="0" />
				</Offset>
			</Anchor>
		</Anchors>
		<Size>
			<AbsDimension x="20" y="20" />
		</Size>
		<Layers>
			<Layer level="BACKGROUND">
				<Texture name="$parentBackground" setAllPoints="true">
					<Color r="1" g="0" b="0" a="0.0" />
				</Texture>
			</Layer>
		</Layers>
	</CheckButton>
	<CheckButton name="KhaosRadioTemplate" inherits="KhaosRadioGraphicsTemplate" virtual="true" >
		<Scripts>
			<OnLoad>
				KhaosConfig_Radio_OnLoad();
			</OnLoad>
		</Scripts>
	</CheckButton>

	<!-- Khaos Button Template -->
	<Button name="KhaosButtonTemplate" inherits="EarthPanelButtonTemplate" virtual="true">
		<Size>
			<AbsDimension x="100" y="20" />
		</Size>
		<Anchors>
			<Anchor point="RIGHT" relativeTo="$parent" relativePoint="RIGHT">
				<Offset>
					<AbsDimension x="-6" y="7" />
				</Offset>
			</Anchor>
		</Anchors>
		<Layers>
			<Layer level="BACKGROUND">
				<Texture name="$parentBackground" setAllPoints="true">
					<Color r="0" g="1" b="1" a="0.0" />
				</Texture>
			</Layer>
		</Layers>			
		<Scripts>
			<OnLoad>
				KhaosConfig_Button_OnLoad();
			</OnLoad>
		</Scripts>
	</Button>

	<!-- Khaos Slider Object -->
	<Slider name="KhaosSliderGraphicTemplate" inherits="EarthSliderTemplate" orientation="HORIZONTAL" virtual="true">
		<Size>
			<AbsDimension x="128" y="17" />
		</Size>
		<Layers>
			<Layer level="BACKGROUND">
				<Texture name="$parentSliderBackground" setAllPoints="true">
					<Color r="1" g="1" b="1" a="0.0" />
				</Texture>
			</Layer>
		</Layers>
	</Slider>
	<Slider name="KhaosSliderTemplate" inherits="KhaosSliderGraphicTemplate"	virtual="true">
		<Anchors>
			<Anchor point="RIGHT" relativePoint="RIGHT">
				<Offset>
					<AbsDimension x="0" y="-8" />
				</Offset>
			</Anchor>
		</Anchors>
		<Scripts>
			<OnLoad>
				KhaosConfig_Slider_OnLoad()
			</OnLoad>
		</Scripts>
	</Slider>

	<!-- Pull Down Menu Buttons -->
	<Button name="KhaosPulldownButtonGraphicTemplate" inherits="EarthObjectTemplate" virtual="true">
		<Size>
			<AbsDimension x="24" y="24"/>
		</Size>
		<Layers>
			<Layer level="ARTWORK">
				<FontString name="$parentText" inherits="GameFontNormalSmall">
					<Anchors>
						<Anchor point="RIGHT" relativeTo="$parent" relativePoint="LEFT">
							<Offset>
								<AbsDimension x="-2" y="0"/>
							</Offset>
						</Anchor>
					</Anchors>
				</FontString>
			</Layer>
		</Layers>		
		<NormalTexture name="$parentNormalTexture" file="Interface\ChatFrame\UI-ChatIcon-ScrollDown-Up">
			<Size>
				<AbsDimension x="24" y="24"/>
			</Size>
			<Anchors>
				<Anchor point="RIGHT"/>
			</Anchors>
		</NormalTexture>
		<PushedTexture name="$parentPushedTexture" file="Interface\ChatFrame\UI-ChatIcon-ScrollDown-Down">
			<Size>
				<AbsDimension x="24" y="24"/>
			</Size>
			<Anchors>
				<Anchor point="RIGHT"/>
			</Anchors>
		</PushedTexture>
		<DisabledTexture name="$parentDisabledTexture" file="Interface\ChatFrame\UI-ChatIcon-ScrollDown-Disabled">
			<Size>
				<AbsDimension x="24" y="24"/>
			</Size>
			<Anchors>
				<Anchor point="RIGHT"/>
			</Anchors>
		</DisabledTexture>
		<HighlightTexture name="$parentHighlightTexture" file="Interface\Buttons\UI-Common-MouseHilight" alphaMode="ADD">
			<Size>
				<AbsDimension x="24" y="24"/>
			</Size>
			<Anchors>
				<Anchor point="RIGHT"/>
			</Anchors>
		</HighlightTexture>
	</Button>
	<Button name="KhaosPulldownButtonTemplate" inherits="KhaosPulldownButtonGraphicTemplate" virtual="true">
		<Size>
			<AbsDimension x="24" y="24"/>
		</Size>
		<Scripts>
			<OnLoad>
				KhaosConfig_Pulldown_OnLoad()
			</OnLoad>
		</Scripts>
	</Button>
	
	<!-- Khaos Text Input -->
	<EditBox name="KhaosTextInputGraphicTemplate" inherits="EarthEditBoxTemplate" ignoreArrows="false" frameStrata="DIALOG" toplevel="true" historyLines="32" letters="255" autoFocus="false" hidden="false" virtual="true">
		<Size>
			<AbsDimension x="100" y="24"/>
		</Size>
		<FontString inherits="ChatFontNormal" bytes="256"/>
	</EditBox>
	<EditBox name="KhaosTextInputTemplate" virtual="true" inherits="KhaosTextInputGraphicTemplate">
		<Scripts>
			<OnLoad>
				KhaosConfig_TextInput_OnLoad()
			</OnLoad>
		</Scripts>
	</EditBox>

	<!-- Khaos Color Picker -->
	<Button name="KhaosColorSwatchTemplate" virtual="true" inherits="EarthObjectTemplate">
		<Size>
			<AbsDimension x="16" y="16"/>
		</Size>
		<Layers>
			<Layer level="BACKGROUND">
				<Texture name="$parentSwatchBg">
					<Size>
						<AbsDimension x="14" y="14"/>
					</Size>
					<Anchors>
						<Anchor point="CENTER">
							<Offset>
								<AbsDimension x="0" y="0"/>
							</Offset>
						</Anchor>
					</Anchors>
					<Color r="1.0" g="1.0" b="1.0"/>
				</Texture>
			</Layer>
		</Layers>
		<Scripts>
			<OnLoad>
				KhaosConfig_ColorPicker_OnLoad();
			</OnLoad>
		</Scripts>
		<NormalTexture name="$parentNormalTexture" file="Interface\ChatFrame\ChatFrameColorSwatch"/>
	</Button>
	

	<!-- Khaos Configuration Template -->
	<Frame name="KhaosConfigTemplate" inherits="EarthObjectTemplate" virtual="true">
		<Size>
			<AbsDimension x="340" y="28"/>
		</Size>
		<Layers>
			<Layer level="BACKGROUND">
				<Texture name="$parentBackground" setAllPoints="true">
					<Color r="1" g="1" b="0" a="0.0" />
				</Texture>
			</Layer>
		</Layers>
		<Scripts>
			<OnLoad>
				KhaosConfig_ConfigFrame_OnLoad();
			</OnLoad>
		</Scripts>
		<Frames>
			<!-- Text -->
			<Frame name="$parentText" inherits="KhaosConfigTextTemplate" frameStrata="MEDIUM">
				<Anchors>
					<Anchor point="LEFT" relativeTo="$parent" relativePoint="LEFT" >
						<Offset>
							<AbsDimension x="36" y="0"/>
						</Offset>
					</Anchor>
				</Anchors>
			</Frame>

			<!-- Header -->
			<Frame name="$parentHeader" inherits="KhaosHeaderTemplate" frameStrata="MEDIUM">
				<Anchors>
					<Anchor point="CENTER" relativeTo="$parent" relativePoint="CENTER" >
						<Offset>
							<AbsDimension x="0" y="0"/>
						</Offset>
					</Anchor>
				</Anchors>
			</Frame>

			<!-- Left Side -->
			<CheckButton name="$parentCheck" inherits="KhaosCheckTemplate" frameStrata="HIGH">
				<Anchors>
					<Anchor point="TOPLEFT" relativeTo="$parent" relativePoint="TOPLEFT" >
						<Offset>
							<AbsDimension x="0" y="2"/>
						</Offset>
					</Anchor>
				</Anchors>
			</CheckButton>
			<CheckButton name="$parentRadio" inherits="KhaosRadioTemplate" frameStrata="HIGH">
				<Anchors>
					<Anchor point="LEFT" relativeTo="$parent" relativePoint="LEFT" >
						<Offset>
							<AbsDimension x="5" y="0"/>
						</Offset>
					</Anchor>
				</Anchors>
			</CheckButton>

			<!-- Right Side -->
			<Button name="$parentButton" inherits="KhaosButtonTemplate" frameStrata="HIGH">
				<Anchors>
					<Anchor point="RIGHT" relativeTo="$parent" relativePoint="RIGHT" >
						<Offset>
							<AbsDimension x="-5" y="0"/>
						</Offset>
					</Anchor>
				</Anchors>
			</Button>
			<Slider name="$parentSlider" inherits="KhaosSliderTemplate" frameStrata="HIGH">
				<Anchors>
					<Anchor point="RIGHT" relativeTo="$parent" relativePoint="RIGHT" >
						<Offset>
							<AbsDimension x="-5" y="0"/>
						</Offset>
					</Anchor>
				</Anchors>				
			</Slider>
			<Button name="$parentPulldown" inherits="KhaosPulldownButtonTemplate" frameStrata="HIGH">
				<Anchors>
					<Anchor point="RIGHT" relativeTo="$parent" relativePoint="RIGHT" >
						<Offset>
							<AbsDimension x="-5" y="0"/>
						</Offset>
					</Anchor>
				</Anchors>
			</Button>
			<EditBox name="$parentTextInput" inherits="KhaosTextInputTemplate" frameStrata="HIGH">
				<Anchors>
					<Anchor point="RIGHT" relativeTo="$parent" relativePoint="RIGHT" >
						<Offset>
							<AbsDimension x="-5" y="0"/>
						</Offset>
					</Anchor>
				</Anchors>
			</EditBox>
			<Button name="$parentColorSwatch" inherits="KhaosColorSwatchTemplate" frameStrata="HIGH">
				<Anchors>
					<Anchor point="RIGHT">
						<Offset>
							<AbsDimension x="-6" y="0"/>
						</Offset>
					</Anchor>
				</Anchors>
			</Button>
		</Frames>		
	</Frame>
</Ui>
