<Ui xmlns="http://www.blizzard.com/wow/ui/" xmlns:xsi="http://www.w3.org/2001/XMLSchema-instance" xsi:schemaLocation="http://www.blizzard.com/wow/ui/ ..\FrameXML\UI.xsd">
	<!-- $Id: Khaos.xml 3078 2006-02-17 00:05:43Z mugendai $ -->
	
	<!-- Source -->
	<Script file="StaticPopupMultiLine.lua"/>
	
	<!-- Templates -->
	<ScrollFrame name="StaticPopupScrollFrameTemplate" inherits="UIPanelScrollFrameTemplate" hidden="true" virtual="true">
		<Size>
			<AbsDimension x="286" y="85"/>
		</Size>
		<Anchors>
			<Anchor point="CENTER">
				<Offset>
					<AbsDimension x="-10" y="0"/>
				</Offset>
			</Anchor>
		</Anchors>
		<ScrollChild>
			<EditBox name="$parentEditBox" multiLine="true" letters="255" autoFocus="false">
				<Size>
					<AbsDimension x="286" y="85"/>
				</Size>
				<Scripts>
					<OnLoad>
						this.withinScrollFrame = true;
					</OnLoad>
					<OnTextChanged>
						StaticPopup_EditBoxOnTextChanged()
					</OnTextChanged>
					<OnEnterPressed>
						StaticPopup_EditBoxOnEnterPressed();
					</OnEnterPressed>
					<OnEscapePressed>
						StaticPopup_EditBoxOnEscapePressed();
					</OnEscapePressed>
				</Scripts>
				<FontString inherits="GameFontHighlightSmall"/>
			</EditBox>
		</ScrollChild>
		<Scripts>
			<OnShow>
				getglobal(this:GetName().."Background"):Show();
			</OnShow>
			<OnHide>
				getglobal(this:GetName().."Background"):Hide();
			</OnHide>
		</Scripts>
	</ScrollFrame>
	
	<Frame name="StaticPopupScrollFrameBackgroundTemplate" hidden="true" virtual="true">
		<Size>
			<AbsDimension x="322" y="95"/>
		</Size>
		<Anchors>
			<Anchor point="CENTER"/>
		</Anchors>
		<Backdrop bgFile="Interface\Tooltips\UI-Tooltip-Background" edgeFile="Interface\Tooltips\UI-Tooltip-Border" tile="true">
			<EdgeSize>
				<AbsValue val="16"/>
			</EdgeSize>
			<TileSize>
				<AbsValue val="16"/>
			</TileSize>
			<BackgroundInsets>
				<AbsInset left="5" right="5" top="5" bottom="5"/>
			</BackgroundInsets>
		</Backdrop>
		<Scripts>
			<OnLoad>
				this:SetBackdropBorderColor(TOOLTIP_DEFAULT_COLOR.r, TOOLTIP_DEFAULT_COLOR.g, TOOLTIP_DEFAULT_COLOR.b);
				this:SetBackdropColor(TOOLTIP_DEFAULT_BACKGROUND_COLOR.r, TOOLTIP_DEFAULT_BACKGROUND_COLOR.g, TOOLTIP_DEFAULT_BACKGROUND_COLOR.b);
			</OnLoad>
		</Scripts>
	</Frame>
	
	<!-- Frames -->
	<ScrollFrame name="$parentMultiLineScrollFrame" inherits="StaticPopupScrollFrameTemplate" parent="StaticPopup1"/>
	<ScrollFrame name="$parentMultiLineScrollFrame" inherits="StaticPopupScrollFrameTemplate" parent="StaticPopup2"/>
	<ScrollFrame name="$parentMultiLineScrollFrame" inherits="StaticPopupScrollFrameTemplate" parent="StaticPopup3"/>
	<ScrollFrame name="$parentMultiLineScrollFrame" inherits="StaticPopupScrollFrameTemplate" parent="StaticPopup4"/>
	
	<ScrollFrame name="$parentMultiLineScrollFrameBackground" inherits="StaticPopupScrollFrameBackgroundTemplate" parent="StaticPopup1"/>
	<ScrollFrame name="$parentMultiLineScrollFrameBackground" inherits="StaticPopupScrollFrameBackgroundTemplate" parent="StaticPopup2"/>
	<ScrollFrame name="$parentMultiLineScrollFrameBackground" inherits="StaticPopupScrollFrameBackgroundTemplate" parent="StaticPopup3"/>
	<ScrollFrame name="$parentMultiLineScrollFrameBackground" inherits="StaticPopupScrollFrameBackgroundTemplate" parent="StaticPopup4"/>
	
</Ui>