<Ui xmlns="http://www.blizzard.com/wow/ui/" xmlns:xsi="http://www.w3.org/2001/XMLSchema-instance" xsi:schemaLocation="http://www.blizzard.com/wow/ui/
..\FrameXML\UI.xsd">
	<Script file="EarthPanelTemplates.lua"/>
	<Texture name="EarthPanelButtonUpTexture" file="Interface\Buttons\UI-Panel-Button-Up" virtual="true">
		<TexCoords left="0" right="0.625" top="0" bottom="0.6875"/>
	</Texture>
	<Texture name="EarthPanelButtonDownTexture" file="Interface\Buttons\UI-Panel-Button-Down" virtual="true">
		<TexCoords left="0" right="0.625" top="0" bottom="0.6875"/>
	</Texture>
	<Texture name="EarthPanelButtonDisabledTexture" file="Interface\Buttons\UI-Panel-Button-Disabled" virtual="true">
		<TexCoords left="0" right="0.625" top="0" bottom="0.6875"/>
	</Texture>
	<Texture name="EarthPanelButtonDisabledDownTexture" file="Interface\Buttons\UI-Panel-Button-Disabled-Down" virtual="true">
		<TexCoords left="0" right="0.625" top="0" bottom="0.6875"/>
	</Texture>
	<Texture name="EarthPanelButtonHighlightTexture" file="Interface\Buttons\UI-Panel-Button-Highlight" alphaMode="ADD" virtual="true">
		<TexCoords left="0" right="0.625" top="0" bottom="0.6875"/>
	</Texture>
	<Button name="EarthPanelButtonTemplate" inherits="EarthObjectTemplate" virtual="true">
		<ButtonText name="$parentText"/>
		<NormalFont inherits="GameFontNormal"/>
		<HighlightFont inherits="GameFontHighlight"/>
		<DisabledFont inherits="GameFontDisable"/>
		<NormalTexture inherits="EarthPanelButtonUpTexture"/>
		<PushedTexture inherits="EarthPanelButtonDownTexture"/>
		<DisabledTexture inherits="EarthPanelButtonDisabledTexture"/>
		<HighlightTexture inherits="EarthPanelButtonHighlightTexture"/>
	</Button>
	<Button name="EarthPanelButtonTemplate2" inherits="EarthObjectTemplate" virtual="true">
		<Size>
			<AbsDimension x="40" y="22"/>
		</Size>
		<Layers>
			<Layer level="BACKGROUND">
				<Texture name="$parentLeft" file="Interface\Buttons\UI-Panel-Button-Up">
					<Size>
						<AbsDimension x="12" y="22"/>
					</Size>
					<Anchors>
						<Anchor point="LEFT"/>
					</Anchors>
					<TexCoords left="0" right="0.09375" top="0" bottom="0.6875"/>
				</Texture>
				<Texture name="$parentRight" file="Interface\Buttons\UI-Panel-Button-Up">
					<Size>
						<AbsDimension x="12" y="22"/>
					</Size>
					<Anchors>
						<Anchor point="RIGHT"/>
					</Anchors>
					<TexCoords left="0.53125" right="0.625" top="0" bottom="0.6875"/>
				</Texture>
				<Texture name="$parentMiddle" file="Interface\Buttons\UI-Panel-Button-Up">
					<Size>
						<AbsDimension x="12" y="22"/>
					</Size>
					<Anchors>
						<Anchor point="LEFT" relativeTo="$parentLeft" relativePoint="RIGHT"/>
						<Anchor point="RIGHT" relativeTo="$parentRight" relativePoint="LEFT"/>
					</Anchors>
					<TexCoords left="0.09375" right="0.53125" top="0" bottom="0.6875"/>
				</Texture>
			</Layer>
		</Layers>
		<Scripts>
			<OnMouseDown>
				if ( not this.onMouseDown ) then 
					getglobal(this:GetName().."Left"):SetTexture("Interface\\Buttons\\UI-Panel-Button-Down");
					getglobal(this:GetName().."Middle"):SetTexture("Interface\\Buttons\\UI-Panel-Button-Down");
					getglobal(this:GetName().."Right"):SetTexture("Interface\\Buttons\\UI-Panel-Button-Down");
				else
					this.onMouseDown();
				end
			</OnMouseDown>
			<OnMouseUp>
				if ( not this.onMouseUp ) then 
					getglobal(this:GetName().."Left"):SetTexture("Interface\\Buttons\\UI-Panel-Button-Up");
					getglobal(this:GetName().."Middle"):SetTexture("Interface\\Buttons\\UI-Panel-Button-Up");
					getglobal(this:GetName().."Right"):SetTexture("Interface\\Buttons\\UI-Panel-Button-Up");
				else
					this.onMouseUp();
				end
			</OnMouseUp>
		</Scripts>
		<ButtonText name="$parentText"/>
		<NormalFont inherits="GameFontNormal"/>
		<HighlightFont inherits="GameFontHighlight"/>
		<DisabledFont inherits="GameFontDisable"/>
		<HighlightTexture inherits="EarthPanelButtonHighlightTexture"/>
	</Button>
	<Button name="EarthPanelButtonGrayTemplate" inherits="EarthObjectTemplate" virtual="true">
		<ButtonText name="$parentText"/>
		<NormalFont inherits="GameFontNormal"/>
		<HighlightFont inherits="GameFontHighlight"/>
		<DisabledFont inherits="GameFontDisable"/>
		<NormalTexture inherits="EarthPanelButtonDisabledTexture"/>
		<PushedTexture inherits="EarthPanelButtonDisabledDownTexture"/>
		<DisabledTexture inherits="EarthPanelButtonDisabledTexture"/>
		<HighlightTexture inherits="EarthPanelButtonHighlightTexture"/>
	</Button>
	<Button name="EarthPanelCloseButton" inherits="EarthObjectTemplate" virtual="true">
		<Size>
			<AbsDimension x="32" y="32"/>
		</Size>
		<Scripts>
			<OnClick>
				if ( not this.onClick ) then
					HideUIPanel(this:GetParent());
				else
					this.onClick();
				end
			</OnClick>
		</Scripts>
		<NormalTexture file="Interface\Buttons\UI-Panel-MinimizeButton-Up"/>
		<PushedTexture file="Interface\Buttons\UI-Panel-MinimizeButton-Down"/>
		<HighlightTexture file="Interface\Buttons\UI-Panel-MinimizeButton-Highlight" alphaMode="ADD"/>
	</Button>
	<CheckButton name="EarthCheckButtonTemplate" inherits="EarthObjectTemplate" virtual="true">
		<Size>
			<AbsDimension x="32" y="32"/>
		</Size>
		<Layers>
			<Layer level="ARTWORK">
				<FontString name="$parentText" inherits="GameFontNormalSmall">
					<Anchors>
						<Anchor point="LEFT" relativePoint="RIGHT">
							<Offset>
								<AbsDimension x="-2" y="0"/>
							</Offset>
						</Anchor>
					</Anchors>
				</FontString>
			</Layer>
		</Layers>
		<NormalTexture name="$parentNormalTexture" file="Interface\Buttons\UI-CheckBox-Up"/>
		<PushedTexture name="$parentPushedTexture" file="Interface\Buttons\UI-CheckBox-Down"/>
		<HighlightTexture name="$parentHighlightTexture" file="Interface\Buttons\UI-CheckBox-Highlight" alphaMode="ADD"/>
		<CheckedTexture name="$parentCheckedTexture" file="Interface\Buttons\UI-CheckBox-Check"/>
		<DisabledCheckedTexture name="$parentDisabledCheckedTexture" file="Interface\Buttons\UI-CheckBox-Check-Disabled"/>
		<Scripts>
			<OnDragStart>
				if( this.onDragStart ) then
					this.onDragStart();
				end
			</OnDragStart>
			<OnDragStop>
				if( this.onDragStop ) then
					this.onDragStop();
				end
			</OnDragStop>
			<OnClick>
				if( this.onClick ) then
					this.onClick();
				end
			</OnClick>
		</Scripts>
	</CheckButton>
	<CheckButton name="EarthRadioButtonTemplate" inherits="EarthObjectTemplate" virtual="true">
		<Size>
			<AbsDimension x="20" y="20" />
		</Size>
		<Layers>
			<Layer level="ARTWORK">			
				<FontString name="$parentText" inherits="GameFontNormalSmall">
					<Anchors>
						<Anchor point="LEFT" relativePoint="RIGHT">
							<Offset>
								<AbsDimension x="-2" y="0"/>
							</Offset>
						</Anchor>
					</Anchors>
				</FontString>				
			</Layer>
		</Layers>
		<NormalTexture name="$parentNormalTexture" file="Interface\AddOns\Earth\Skin\Buttons\UI-RadioButton-White"> 
			<TexCoords left="0" right="0.25" top="0" bottom="1"/> 
		</NormalTexture>		
		<DisabledTexture name="$parentDisabledTexture" file="Interface\AddOns\Earth\Skin\Buttons\UI-RadioButton-White"> 
			<TexCoords left="0" right="0.25" top="0" bottom="1"/> 
		</DisabledTexture>		
		<PushedTexture name="$parentPushedTexture" file="Interface\AddOns\Earth\Skin\Buttons\UI-RadioButton-White"> 
			<TexCoords left="0.25" right="0.5" top="0" bottom="1"/> 
		</PushedTexture> 
		<HighlightTexture name="$parentHighlightTexture" file="Interface\AddOns\Earth\Skin\Buttons\UI-RadioButton-White" alphaMode="ADD">
			<TexCoords left="0.51" right="0.75" top="0" bottom="1"/> 
		</HighlightTexture>
		<CheckedTexture name="$parentCheckedTexture" file="Interface\AddOns\Earth\Skin\Buttons\UI-RadioButton-White"> 
			<TexCoords left="0.25" right="0.5" top="0" bottom="1"/> 
		</CheckedTexture> 
		<DisabledCheckedTexture name="$parentDisabledCheckedTexture" file="Interface\AddOns\Earth\Skin\Buttons\UI-RadioButton-White"> 
			<TexCoords left="0.25" right="0.5" top="0" bottom="1"/> 
		</DisabledCheckedTexture> 
		<Scripts>
			<OnDragStart>
				if( this.onDragStart ) then
					this.onDragStart();
				end
			</OnDragStart>
			<OnDragStop>
				if( this.onDragStop ) then
					this.onDragStop();
				end
			</OnDragStop>
			<OnClick>
				if( this.onClick ) then
					this.onClick();
				end
			</OnClick>
		</Scripts>
	</CheckButton>
	<Button name="EarthTabButtonTemplate" inherits="EarthObjectTemplate" virtual="true">
		<Size>
            <AbsDimension x="115" y="32"/>
        </Size>
        <Layers>
        	<Layer level="BACKGROUND">
        		<Texture name="$parentLeftDisabled" file="Interface\HelpFrame\HelpFrameTab-Active">
        			<Size>
        				<AbsDimension x="16" y="32"/>
        			</Size>
        			<Anchors>
        				<Anchor point="BOTTOMLEFT">
        					<Offset>
        						<AbsDimension x="0" y="-4"/>
        					</Offset>
        				</Anchor>
        			</Anchors>
					<TexCoords left="0" right="0.25" top="0" bottom="1.0"/>
        		</Texture>
				<Texture name="$parentMiddleDisabled" file="Interface\HelpFrame\HelpFrameTab-Active">
        			<Size>
        				<AbsDimension x="32" y="32"/>
        			</Size>
        			<Anchors>
        				<Anchor point="LEFT" relativeTo="$parentLeftDisabled" relativePoint="RIGHT"/>
        			</Anchors>
					<TexCoords left="0.25" right="0.75" top="0" bottom="1.0"/>
        		</Texture>
				<Texture name="$parentRightDisabled" file="Interface\HelpFrame\HelpFrameTab-Active">
        			<Size>
        				<AbsDimension x="16" y="32"/>
        			</Size>
        			<Anchors>
        				<Anchor point="LEFT" relativeTo="$parentMiddleDisabled" relativePoint="RIGHT"/>
        			</Anchors>
					<TexCoords left="0.75" right="1.0" top="0" bottom="1.0"/>
        		</Texture>
				<Texture name="$parentLeft" file="Interface\HelpFrame\HelpFrameTab-Inactive">
        			<Size>
        				<AbsDimension x="16" y="32"/>
        			</Size>
        			<Anchors>
        				<Anchor point="BOTTOMLEFT"/>
        			</Anchors>
					<TexCoords left="0" right="0.25" top="0" bottom="1.0"/>
        		</Texture>
				<Texture name="$parentMiddle" file="Interface\HelpFrame\HelpFrameTab-Inactive">
        			<Size>
        				<AbsDimension x="32" y="32"/>
        			</Size>
        			<Anchors>
        				<Anchor point="LEFT" relativeTo="$parentLeft" relativePoint="RIGHT"/>
        			</Anchors>
					<TexCoords left="0.25" right="0.75" top="0" bottom="1.0"/>
        		</Texture>
				<Texture name="$parentRight" file="Interface\HelpFrame\HelpFrameTab-Inactive">
        			<Size>
        				<AbsDimension x="16" y="32"/>
        			</Size>
        			<Anchors>
        				<Anchor point="LEFT" relativeTo="$parentMiddle" relativePoint="RIGHT"/>
        			</Anchors>
					<TexCoords left="0.75" right="1.0" top="0" bottom="1.0"/>
        		</Texture>
        	</Layer>
        </Layers>
		<Scripts>
			<OnLoad>
				if ( not this.onLoad ) then 
					PanelTemplates_TabResize(0);
					getglobal(this:GetName().."HighlightTexture"):SetWidth(this:GetTextWidth() + 31);
				else
					this.onLoad()
				end
			</OnLoad>
			<OnDragStart>
				if( this.onDragStart ) then
					this.onDragStart();
				end
			</OnDragStart>
			<OnDragStop>
				if( this.onDragStop ) then
					this.onDragStop();
				end
			</OnDragStop>
			<OnRecieveDrag>
				if( this.onRecieveDrag ) then
					this.onRecieveDrag();
				end
			</OnRecieveDrag>
			<OnClick>
				if( this.onClick ) then
					this.onClick();
				end
			</OnClick>
		</Scripts>
		<ButtonText name="$parentText">
			<Anchors>
				<Anchor point="BOTTOM">
					<Offset>
						<AbsDimension x="0" y="5"/>
					</Offset>
				</Anchor>
			</Anchors>
		</ButtonText>
		<NormalFont inherits="GameFontNormalSmall"/>
		<HighlightFont inherits="GameFontHighlightSmall"/>
		<DisabledFont inherits="GameFontDisableSmall"/>
		<HighlightTexture name="$parentHighlightTexture" file="Interface\PaperDollInfoFrame\UI-Character-Tab-Highlight" alphaMode="ADD">
			<Size>
				<AbsDimension x="5" y="32"/>
			</Size>
			<Anchors>
				<Anchor point="BOTTOM">
					<Offset>
						<AbsDimension x="2" y="-8"/>
					</Offset>
				</Anchor>
			</Anchors>
		</HighlightTexture>
	</Button>
	<Button name="EarthVerticalTabButtonTemplate" inherits="EarthObjectTemplate" virtual="true">
		<Size>
			<AbsDimension x="32" y="115"/>
		</Size>
		<Layers>
			<Layer level="BACKGROUND">
				<Texture name="$parentTopDisabled" file="Interface\AddOns\Earth\Skin\Tabs\UI-Character-ActiveTab-Vertical">
					<Size>
						<AbsDimension x="32" y="20"/>
					</Size>
					<Anchors>
						<Anchor point="TOPLEFT">
							<Offset>
								<AbsDimension x="5" y="0"/>
							</Offset>
						</Anchor>
					</Anchors>
					<TexCoords top="0" bottom="0.15625" left="0" right="1.0"/>
				</Texture>
				<Texture name="$parentMiddleDisabled" file="Interface\AddOns\Earth\Skin\Tabs\UI-Character-ActiveTab-Vertical">
					<Size>
						<AbsDimension x="32" y="88"/>
					</Size>
					<Anchors>
						<Anchor point="TOP" relativeTo="$parentTopDisabled" relativePoint="BOTTOM"/>
					</Anchors>
					<TexCoords top="0.15625" bottom="0.84375" left="0" right="1.0"/>
				</Texture>
				<Texture name="$parentBottomDisabled" file="Interface\AddOns\Earth\Skin\Tabs\UI-Character-ActiveTab-Vertical">
					<Size>
						<AbsDimension x="32" y="20"/>
					</Size>
					<Anchors>
						<Anchor point="TOP" relativeTo="$parentMiddleDisabled" relativePoint="BOTTOM"/>
					</Anchors>
					<TexCoords top="0.84375" bottom="1.0" left="0" right="1.0"/>
				</Texture>
				<Texture name="$parentTop" file="Interface\AddOns\Earth\Skin\Tabs\UI-Character-InActiveTab-Vertical">
					<Size>
						<AbsDimension x="32" y="20"/>
					</Size>
					<Anchors>
						<Anchor point="TOPLEFT">
							<Offset>
								<AbsDimension x="4" y="0"/>
							</Offset>							
						</Anchor>
					</Anchors>
					<TexCoords top="0" bottom="0.15625" left="0" right="1.0"/>
				</Texture>
				<Texture name="$parentMiddle" file="Interface\AddOns\Earth\Skin\Tabs\UI-Character-InActiveTab-Vertical">
					<Size>
						<AbsDimension x="32" y="88"/>
					</Size>
					<Anchors>
						<Anchor point="TOP" relativeTo="$parentTop" relativePoint="BOTTOM"/>
					</Anchors>
					<TexCoords top="0.15625" bottom="0.84375" left="0" right="1.0"/>
				</Texture>
				<Texture name="$parentBottom" file="Interface\AddOns\Earth\Skin\Tabs\UI-Character-InActiveTab-Vertical">
					<Size>
						<AbsDimension x="32" y="20"/>
					</Size>
					<Anchors>
						<Anchor point="TOP" relativeTo="$parentMiddle" relativePoint="BOTTOM"/>
					</Anchors>
					<TexCoords top="0.84375" bottom="1.0" left="0" right="1.0"/>
				</Texture>
			</Layer>
		</Layers>
		<ButtonText name="$parentText">
			<Anchors>
				<Anchor point="CENTER">
					<Offset>
						<AbsDimension x="6" y="0"/>
					</Offset>
				</Anchor>
			</Anchors>
		</ButtonText>
		<NormalFont inherits="GameFontNormalSmall"/>
		<HighlightFont inherits="GameFontHighlightSmall"/>
		<DisabledFont inherits="GameFontDisableSmall"/>
		<HighlightTexture name="$parentHighlightTexture" file="Interface\AddOns\Earth\Skin\Tabs\UI-Character-Tab-Highlight-Vertical" alphaMode="ADD">
			<Anchors>
				<Anchor point="LEFT">
					<Offset>
						<AbsDimension x="4" y="0"/>
					</Offset>
				</Anchor>
				<Anchor point="RIGHT">
					<Offset>
						<AbsDimension x="8" y="0"/>
					</Offset>
				</Anchor>
			</Anchors>
		</HighlightTexture>
		<Scripts>
			<OnDragStart>
				if( this.onDragStart ) then
					this.onDragStart();
				end
			</OnDragStart>
			<OnDragStop>
				if( this.onDragStop ) then
					this.onDragStop();
				end
			</OnDragStop>
			<OnClick>
				if( this.onClick ) then
					this.onClick();
				end
			</OnClick>
		</Scripts>
	</Button>
	<Button name="EarthVerticalTabButtonTemplateRight" inherits="EarthObjectTemplate" virtual="true">
		<Size>
			<AbsDimension x="32" y="115"/>
		</Size>
		<Layers>
			<Layer level="BACKGROUND">
				<Texture name="$parentTopDisabled" file="Interface\AddOns\Earth\Skin\Tabs\UI-Character-ActiveTab-Vertical">
					<Size>
						<AbsDimension x="32" y="20"/>
					</Size>
					<Anchors>
						<Anchor point="TOPRIGHT">
							<Offset>
								<AbsDimension x="-5" y="0"/>
							</Offset>
						</Anchor>
					</Anchors>
					<TexCoords top="0" bottom="0.15625" left="0" right="-1.0"/>
				</Texture>
				<Texture name="$parentMiddleDisabled" file="Interface\AddOns\Earth\Skin\Tabs\UI-Character-ActiveTab-Vertical">
					<Size>
						<AbsDimension x="32" y="88"/>
					</Size>
					<Anchors>
						<Anchor point="TOP" relativeTo="$parentTopDisabled" relativePoint="BOTTOM"/>
					</Anchors>
					<TexCoords top="0.15625" bottom="0.84375" left="0" right="-1.0"/>
				</Texture>
				<Texture name="$parentBottomDisabled" file="Interface\AddOns\Earth\Skin\Tabs\UI-Character-ActiveTab-Vertical">
					<Size>
						<AbsDimension x="32" y="20"/>
					</Size>
					<Anchors>
						<Anchor point="TOP" relativeTo="$parentMiddleDisabled" relativePoint="BOTTOM"/>
					</Anchors>
					<TexCoords top="0.84375" bottom="1.0" left="0" right="-1.0"/>
				</Texture>
				<Texture name="$parentTop" file="Interface\AddOns\Earth\Skin\Tabs\UI-Character-InActiveTab-Vertical">
					<Size>
						<AbsDimension x="32" y="20"/>
					</Size>
					<Anchors>
						<Anchor point="TOPRIGHT">
							<Offset>
								<AbsDimension x="-4" y="0"/>
							</Offset>							
						</Anchor>
					</Anchors>
					<TexCoords top="0" bottom="0.15625" left="0" right="-1.0"/>
				</Texture>
				<Texture name="$parentMiddle" file="Interface\AddOns\Earth\Skin\Tabs\UI-Character-InActiveTab-Vertical">
					<Size>
						<AbsDimension x="32" y="88"/>
					</Size>
					<Anchors>
						<Anchor point="TOP" relativeTo="$parentTop" relativePoint="BOTTOM"/>
					</Anchors>
					<TexCoords top="0.15625" bottom="0.84375" left="0" right="-1.0"/>
				</Texture>
				<Texture name="$parentBottom" file="Interface\AddOns\Earth\Skin\Tabs\UI-Character-InActiveTab-Vertical">
					<Size>
						<AbsDimension x="32" y="20"/>
					</Size>
					<Anchors>
						<Anchor point="TOP" relativeTo="$parentMiddle" relativePoint="BOTTOM"/>
					</Anchors>
					<TexCoords top="0.84375" bottom="1.0" left="0" right="-1.0"/>
				</Texture>
			</Layer>
		</Layers>
		<ButtonText name="$parentText">
			<Anchors>
				<Anchor point="CENTER">
					<Offset>
						<AbsDimension x="-6" y="0"/>
					</Offset>
				</Anchor>
			</Anchors>
		</ButtonText>
		<NormalFont inherits="GameFontNormalSmall"/>
		<HighlightFont inherits="GameFontHighlightSmall"/>
		<DisabledFont inherits="GameFontDisableSmall"/>
		<HighlightTexture name="$parentHighlightTexture" file="Interface\AddOns\Earth\Skin\Tabs\UI-Character-Tab-Highlight-Vertical" alphaMode="ADD">
			<Anchors>
				<Anchor point="LEFT">
					<Offset>
						<AbsDimension x="-8" y="0"/>
					</Offset>
				</Anchor>
				<Anchor point="RIGHT">
					<Offset>
						<AbsDimension x="-4" y="0"/>
					</Offset>
				</Anchor>
			</Anchors>
			<TexCoords top="1" bottom="0" left="0" right="-1"/>
		</HighlightTexture>
		<Scripts>
			<OnDragStart>
				if( this.onDragStart ) then
					this.onDragStart();
				end
			</OnDragStart>
			<OnDragStop>
				if( this.onDragStop ) then
					this.onDragStop();
				end
			</OnDragStop>
			<OnClick>
				if( this.onClick ) then
					this.onClick();
				end
			</OnClick>
		</Scripts>
	</Button>
	<Texture name="EarthHelpIconTexture" file="Interface\AddOns\Earth\Skin\Buttons\BlueQMark" virtual="true"/>
	<Frame name="EarthHelpIcon" inherits="EarthObjectTemplate" virtual="true">
		<Size>
			<AbsDimension x="32" y="32"/>
		</Size>
		<Layers>
			<Layer level="BACKGROUND">
				<Texture name="$parentIcon" inherits="EarthHelpIconTexture">
					<Size>
						<AbsDimension x="32" y="32"/>
					</Size>
				</Texture>
			</Layer>
		</Layers>
		<Scripts>
			<OnDragStart>
				if( this.onDragStart ) then
					this.onDragStart();
				end
			</OnDragStart>
			<OnDragStop>
				if( this.onDragStop ) then
					this.onDragStop();
				end
			</OnDragStop>
		</Scripts>
	</Frame>	
</Ui>
