<Ui xmlns="http://www.blizzard.com/wow/ui/" xmlns:xsi="http://www.w3.org/2001/XMLSchema-instance" xsi:schemaLocation="http://www.blizzard.com/wow/ui/ C:\Projects\WoW\Bin\Interface\FrameXML\UI.xsd">
	<!-- $Id: Earth.xml 3628 2006-06-08 19:54:09Z gryphon $ -->

	<!-- Localization -->
	<Script file="localization.lua"/>
	<Script file="localization.de.lua"/>
	<Script file="localization.fr.lua"/>
	<Script file="Earth.lua"/>

	<!-- The Earth Libraries -->
	<Include file="EarthObjectTemplate.xml"/>
	<Include file="EarthPanelTemplates.xml"/>
	<Include file="EarthMenuTemplate.xml"/>
	<Include file="EarthBookTemplate.xml"/>
	<Include file="EarthFrameTemplate.xml"/>
	<Include file="EarthEditBoxTemplate.xml"/>
	<Include file="EarthTooltipTemplate.xml"/>
	<!--
		I'm not happy with this file yet...
	-->
	<Include file="EarthSliderTemplate.xml"/>
	<Include file="EarthScrollFrameTemplate.xml"/>
	<Include file="EarthItemButtonTemplate.xml"/>
	<Include file="EarthActionButtonTemplate.xml"/>
	<Include file="EarthTreeTemplate.xml"/>
	<Include file="EarthTableTemplate.xml"/>
	<Include file="EarthQuestLogTemplate.xml"/>

	<Include file="EarthPopupTemplate.xml"/>
</Ui>
