<Ui xmlns="http://www.blizzard.com/wow/ui/" xmlns:xsi="http://www.w3.org/2001/XMLSchema-instance"
	xsi:schemaLocation="http://www.blizzard.com/wow/ui/ C:\Projects\WoW\Bin\Interface\FrameXML\UI.xsd">
	<!-- $Id: Sea.xml 3850 2006-08-02 08:21:09Z karlkfi $ -->
	
	<!-- Library Initialization -->
	<Script file="Sea.lua"/>
	
	<!-- Localized Strings -->
	<Script file="localization.en.lua"/>

	<!-- Localized WoW Data -->
	<Script file="Sea.data.lua"/>
	<Script file="Sea.data.item.lua"/>
	<Script file="Sea.data.spell.lua"/>
	
	<!-- Common Utility Functions -->
	<Include file="SeaHooks\SeaHooks.xml"/>
	
	<!-- Common IO Functions -->
	<Include file="SeaPrint\SeaPrint.xml"/>

	<!-- Language Parsing -->
	<Script file="Sea.lang.lua"/>
	
	<!-- Number Manipulation -->
	<Script file="Sea.math.lua"/>
	
	<!-- String Manipulation -->
	<Include file="SeaString\SeaString.xml"/>
	
	<!-- Table Manipulation -->
	<Script file="Sea.table.lua"/>

	<!-- World of Warcraft Object Functions -->
	<Script file="Sea.wow.lua"/>
	<Script file="Sea.wow.item.lua"/>
	<Script file="Sea.wow.tooltip.lua"/>
	<Script file="Sea.wow.questLog.lua"/>
	<Include file="SeaSpellbook\SeaSpellbook.xml"/>
	
</Ui>

